INSERT OR IGNORE INTO User (id, username, password) VALUES (1, 'usertest', 'passtest');

INSERT OR IGNORE INTO Ingredient (id, name, measure_unit, available) VALUES (1, 'water', 'ml', 500);
INSERT OR IGNORE INTO Ingredient (id, name, measure_unit, available) VALUES (2, 'milk', 'ml', 300);
INSERT OR IGNORE INTO Ingredient (id, name, measure_unit, available) VALUES (3, 'sugar', 'gr', 350);
INSERT OR IGNORE INTO Ingredient (id, name, measure_unit, available) VALUES (4, 'cocoa', 'gr', 200);
INSERT OR IGNORE INTO Ingredient (id, name, measure_unit, available) VALUES (5, 'whipped cream', 'ml', 100);
INSERT OR IGNORE INTO Ingredient (id, name, measure_unit, available) VALUES (6, 'syrup', 'ml', 50);
INSERT OR IGNORE INTO Ingredient (id, name, measure_unit, available) VALUES (7, 'whiskey', 'ml', 30);
INSERT OR IGNORE INTO Ingredient (id, name, measure_unit, available) VALUES (8, 'coffee', 'gr', 400);

INSERT OR IGNORE INTO CoffeeRecipe (id, name, preparation_time) VALUES (1, 'Irish Coffee', 1);
INSERT OR IGNORE INTO CoffeeRecipe (id, name, preparation_time) VALUES (2, 'Hot Chocolate', 0.5);
INSERT OR IGNORE INTO CoffeeRecipe (id, name, preparation_time) VALUES (3, 'Short Espresso', 0.25);
INSERT OR IGNORE INTO CoffeeRecipe (id, name, preparation_time) VALUES (4, 'Long Espresso', 1.25);
INSERT OR IGNORE INTO CoffeeRecipe (id, name, preparation_time) VALUES (5, 'Cappuccino', 0.75);
INSERT OR IGNORE INTO CoffeeRecipe (id, name, preparation_time) VALUES (6, 'Caramel Frappe', 2);
INSERT OR IGNORE INTO CoffeeRecipe (id, name, preparation_time) VALUES (7, 'Mocha', 1.75);

INSERT OR IGNORE INTO CoffeeRecipeIngredient (recipe_id, ingredient_id, quantity) VALUES (1, 5, 50);
INSERT OR IGNORE INTO CoffeeRecipeIngredient (recipe_id, ingredient_id, quantity) VALUES (1, 7, 10);
INSERT OR IGNORE INTO CoffeeRecipeIngredient (recipe_id, ingredient_id, quantity) VALUES (1, 8, 50);
INSERT OR IGNORE INTO CoffeeRecipeIngredient (recipe_id, ingredient_id, quantity) VALUES (2, 4, 100);
INSERT OR IGNORE INTO CoffeeRecipeIngredient (recipe_id, ingredient_id, quantity) VALUES (2, 1, 250);
INSERT OR IGNORE INTO CoffeeRecipeIngredient (recipe_id, ingredient_id, quantity) VALUES (2, 3, 50);
INSERT OR IGNORE INTO CoffeeRecipeIngredient (recipe_id, ingredient_id, quantity) VALUES (3, 8, 150);
INSERT OR IGNORE INTO CoffeeRecipeIngredient (recipe_id, ingredient_id, quantity) VALUES (3, 1, 50);
INSERT OR IGNORE INTO CoffeeRecipeIngredient (recipe_id, ingredient_id, quantity) VALUES (4, 8, 50);
INSERT OR IGNORE INTO CoffeeRecipeIngredient (recipe_id, ingredient_id, quantity) VALUES (4, 1, 150);
INSERT OR IGNORE INTO CoffeeRecipeIngredient (recipe_id, ingredient_id, quantity) VALUES (5, 8, 100);
INSERT OR IGNORE INTO CoffeeRecipeIngredient (recipe_id, ingredient_id, quantity) VALUES (5, 2, 200);
INSERT OR IGNORE INTO CoffeeRecipeIngredient (recipe_id, ingredient_id, quantity) VALUES (6, 6, 30);
INSERT OR IGNORE INTO CoffeeRecipeIngredient (recipe_id, ingredient_id, quantity) VALUES (6, 3, 50);
INSERT OR IGNORE INTO CoffeeRecipeIngredient (recipe_id, ingredient_id, quantity) VALUES (6, 5, 50);
INSERT OR IGNORE INTO CoffeeRecipeIngredient (recipe_id, ingredient_id, quantity) VALUES (6, 2, 300);
INSERT OR IGNORE INTO CoffeeRecipeIngredient (recipe_id, ingredient_id, quantity) VALUES (6, 8, 50);
INSERT OR IGNORE INTO CoffeeRecipeIngredient (recipe_id, ingredient_id, quantity) VALUES (7, 8, 50);
INSERT OR IGNORE INTO CoffeeRecipeIngredient (recipe_id, ingredient_id, quantity) VALUES (7, 2, 200);
INSERT OR IGNORE INTO CoffeeRecipeIngredient (recipe_id, ingredient_id, quantity) VALUES (7, 5, 50);
INSERT OR IGNORE INTO CoffeeRecipeIngredient (recipe_id, ingredient_id, quantity) VALUES (7, 4, 80);
